Workbook

Sheet Raw Data
A1: Customer Name | B1: Credit Score | C1: Area | D1: Gender | E1: Tenure (Years) | F1: Account Balance (INR)
A2: Aarav Sharma | B2: 542 | C2: Central | D2: male | E2: 17 | F2: 515000
A3: Ananya Verma | B3: 824 | C3: East | D3: Female | E3: 9 | F3: 1055000
A4: Vivaan Gupta | B4: 531 | C4: Central | D4: male | E4: 3 | F4: 2360000
A5: Diya Singh | B5: 570 | C5: West | D5: Female | E5: 4 | F5: 1485000
A6: Aditya Mehta | B6: 777 | C6: South | D6: Male | E6: 8 | F6: 1985000
A7: Ishita Patel | B7: 588 | C7: West | D7: Female | E7: 18 | F7: 1810000
A8: Arjun Kumar | B8: 581 | C8: Central | D8: Male | E8: 17 | F8: 1265000
A9: Saanvi Joshi | B9: 566 | C9: North | D9: Female | E9: 13 | F9: 1160000
A10: Reyansh Malhotra | B10: 665 | C10: West | D10: Male | E10: 10 | F10: 1885000
A11: Aadhya Jain | B11: 543 | C11: North | D11: Female | E11: 10 | F11: 1760000
A12: Krishna Reddy | B12: 778 | C12: West | D12: Female | E12: 6 | F12: 1120000
A13: Myra Kapoor | B13: 740 | C13: East | D13: Female | E13: 4 | F13: 520000
... A51: Shreya Banerjee | B51: 612 | C51: East | D51: Female | E51: 17 | F51: 90000

Sheet Engagement Classification
A1: Customer Name | B1: Credit Score | C1: Tenure (Years) | D1: Account Balance (INR) | E1: Engagement Tier | F1: Suggested Action
A2: ='Raw Data'!A2 -> Aarav Sharma | B2: ='Raw Data'!B2 -> 542 | C2: ='Raw Data'!E2 -> 17 | D2: ='Raw Data'!F2 -> 515000 | E2: =IF(AND(B2>=750,C2>=5,D2>=100000),"High",IF(OR(B2<600,C2<=2),"Needs Attention","Moderate")) -> Needs Attention | F2: =IF(E2="High","Offer premium products / loyalty benefits",IF(E2="Needs Attention","Proactive support and financial wellness","Personalized product recommendations")) -> Proactive support and financial wellness
A3: ='Raw Data'!A3 -> Ananya Verma | B3: ='Raw Data'!B3 -> 824 | C3: ='Raw Data'!E3 -> 9 | D3: ='Raw Data'!F3 -> 1055000 | E3: =IF(AND(B3>=750,C3>=5,D3>=100000),"High",IF(OR(B3<600,C3<=2),"Needs Attention","Moderate")) -> High | F3: =IF(E3="High","Offer premium products / loyalty benefits",IF(E3="Needs Attention","Proactive support and financial wellness","Personalized product recommendations")) -> Offer premium products / loyalty benefits
A4: ='Raw Data'!A4 -> Vivaan Gupta | B4: ='Raw Data'!B4 -> 531 | C4: ='Raw Data'!E4 -> 3 | D4: ='Raw Data'!F4 -> 2360000 | E4: =IF(AND(B4>=750,C4>=5,D4>=100000),"High",IF(OR(B4<600,C4<=2),"Needs Attention","Moderate")) -> Needs Attention | F4: =IF(E4="High","Offer premium products / loyalty benefits",IF(E4="Needs Attention","Proactive support and financial wellness","Personalized product recommendations")) -> Proactive support and financial wellness
A5: ='Raw Data'!A5 -> Diya Singh | B5: ='Raw Data'!B5 -> 570 | C5: ='Raw Data'!E5 -> 4 | D5: ='Raw Data'!F5 -> 1485000 | E5: =IF(AND(B5>=750,C5>=5,D5>=100000),"High",IF(OR(B5<600,C5<=2),"Needs Attention","Moderate")) -> Needs Attention | F5: =IF(E5="High","Offer premium products / loyalty benefits",IF(E5="Needs Attention","Proactive support and financial wellness","Personalized product recommendations")) -> Proactive support and financial wellness
A6: ='Raw Data'!A6 -> Aditya Mehta | B6: ='Raw Data'!B6 -> 777 | C6: ='Raw Data'!E6 -> 8 | D6: ='Raw Data'!F6 -> 1985000 | E6: =IF(AND(B6>=750,C6>=5,D6>=100000),"High",IF(OR(B6<600,C6<=2),"Needs Attention","Moderate")) -> High | F6: =IF(E6="High","Offer premium products / loyalty benefits",IF(E6="Needs Attention","Proactive support and financial wellness","Personalized product recommendations")) -> Offer premium products / loyalty benefits
A7: ='Raw Data'!A7 -> Ishita Patel | B7: ='Raw Data'!B7 -> 588 | C7: ='Raw Data'!E7 -> 18 | D7: ='Raw Data'!F7 -> 1810000 | E7: =IF(AND(B7>=750,C7>=5,D7>=100000),"High",IF(OR(B7<600,C7<=2),"Needs Attention","Moderate")) -> Needs Attention | F7: =IF(E7="High","Offer premium products / loyalty benefits",IF(E7="Needs Attention","Proactive support and financial wellness","Personalized product recommendations")) -> Proactive support and financial wellness
A8: ='Raw Data'!A8 -> Arjun Kumar | B8: ='Raw Data'!B8 -> 581 | C8: ='Raw Data'!E8 -> 17 | D8: ='Raw Data'!F8 -> 1265000 | E8: =IF(AND(B8>=750,C8>=5,D8>=100000),"High",IF(OR(B8<600,C8<=2),"Needs Attention","Moderate")) -> Needs Attention | F8: =IF(E8="High","Offer premium products / loyalty benefits",IF(E8="Needs Attention","Proactive support and financial wellness","Personalized product recommendations")) -> Proactive support and financial wellness
A9: ='Raw Data'!A9 -> Saanvi Joshi | B9: ='Raw Data'!B9 -> 566 | C9: ='Raw Data'!E9 -> 13 | D9: ='Raw Data'!F9 -> 1160000 | E9: =IF(AND(B9>=750,C9>=5,D9>=100000),"High",IF(OR(B9<600,C9<=2),"Needs Attention","Moderate")) -> Needs Attention | F9: =IF(E9="High","Offer premium products / loyalty benefits",IF(E9="Needs Attention","Proactive support and financial wellness","Personalized product recommendations")) -> Proactive support and financial wellness
A10: ='Raw Data'!A10 -> Reyansh Malhotra | B10: ='Raw Data'!B10 -> 665 | C10: ='Raw Data'!E10 -> 10 | D10: ='Raw Data'!F10 -> 1885000 | E10: =IF(AND(B10>=750,C10>=5,D10>=100000),"High",IF(OR(B10<600,C10<=2),"Needs Attention","Moderate")) -> Moderate | F10: =IF(E10="High","Offer premium products / loyalty benefits",IF(E10="Needs Attention","Proactive support and financial wellness","Personalized product recommendations")) -> Personalized product recommendations
A11: ='Raw Data'!A11 -> Aadhya Jain | B11: ='Raw Data'!B11 -> 543 | C11: ='Raw Data'!E11 -> 10 | D11: ='Raw Data'!F11 -> 1760000 | E11: =IF(AND(B11>=750,C11>=5,D11>=100000),"High",IF(OR(B11<600,C11<=2),"Needs Attention","Moderate")) -> Needs Attention | F11: =IF(E11="High","Offer premium products / loyalty benefits",IF(E11="Needs Attention","Proactive support and financial wellness","Personalized product recommendations")) -> Proactive support and financial wellness
A12: ='Raw Data'!A12 -> Krishna Reddy | B12: ='Raw Data'!B12 -> 778 | C12: ='Raw Data'!E12 -> 6 | D12: ='Raw Data'!F12 -> 1120000 | E12: =IF(AND(B12>=750,C12>=5,D12>=100000),"High",IF(OR(B12<600,C12<=2),"Needs Attention","Moderate")) -> High | F12: =IF(E12="High","Offer premium products / loyalty benefits",IF(E12="Needs Attention","Proactive support and financial wellness","Personalized product recommendations")) -> Offer premium products / loyalty benefits
A13: ='Raw Data'!A13 -> Myra Kapoor | B13: ='Raw Data'!B13 -> 740 | C13: ='Raw Data'!E13 -> 4 | D13: ='Raw Data'!F13 -> 520000 | E13: =IF(AND(B13>=750,C13>=5,D13>=100000),"High",IF(OR(B13<600,C13<=2),"Needs Attention","Moderate")) -> Moderate | F13: =IF(E13="High","Offer premium products / loyalty benefits",IF(E13="Needs Attention","Proactive support and financial wellness","Personalized product recommendations")) -> Personalized product recommendations
... A51: ='Raw Data'!A51 -> Shreya Banerjee | B51: ='Raw Data'!B51 -> 612 | C51: ='Raw Data'!E51 -> 17 | D51: ='Raw Data'!F51 -> 90000 | E51: =IF(AND(B51>=750,C51>=5,D51>=100000),"High",IF(OR(B51<600,C51<=2),"Needs Attention","Moderate")) -> Moderate | F51: =IF(E51="High","Offer premium products / loyalty benefits",IF(E51="Needs Attention","Proactive support and financial wellness","Personalized product recommendations")) -> Personalized product recommendations

Sheet Product Utilization
A1: Customer Name | B1: Savings Account | C1: Credit Card | D1: Personal Loan | E1: Home Loan | F1: Digital Banking | G1: Products Used | H1: Utilization Segment
A2: ='Raw Data'!A2 -> Aarav Sharma | B2: 1 | C2: 1 | D2: 0 | E2: 1 | F2: 1 | G2: =SUM(B2:F2) -> 4 | H2: =IF(G2>=4,"Multi-product",IF(G2>=2,"Moderate use","Low use")) -> Multi-product
A3: ='Raw Data'!A3 -> Ananya Verma | B3: 1 | C3: 1 | D3: 0 | E3: 0 | F3: 1 | G3: =SUM(B3:F3) -> 3 | H3: =IF(G3>=4,"Multi-product",IF(G3>=2,"Moderate use","Low use")) -> Moderate use
A4: ='Raw Data'!A4 -> Vivaan Gupta | B4: 1 | C4: 0 | D4: 1 | E4: 0 | F4: 0 | G4: =SUM(B4:F4) -> 2 | H4: =IF(G4>=4,"Multi-product",IF(G4>=2,"Moderate use","Low use")) -> Moderate use
A5: ='Raw Data'!A5 -> Diya Singh | B5: 1 | C5: 1 | D5: 1 | E5: 0 | F5: 1 | G5: =SUM(B5:F5) -> 4 | H5: =IF(G5>=4,"Multi-product",IF(G5>=2,"Moderate use","Low use")) -> Multi-product
A6: ='Raw Data'!A6 -> Aditya Mehta | B6: 0 | C6: 0 | D6: 1 | E6: 0 | F6: 1 | G6: =SUM(B6:F6) -> 2 | H6: =IF(G6>=4,"Multi-product",IF(G6>=2,"Moderate use","Low use")) -> Moderate use
A7: ='Raw Data'!A7 -> Ishita Patel | B7: 1 | C7: 0 | D7: 1 | E7: 0 | F7: 1 | G7: =SUM(B7:F7) -> 3 | H7: =IF(G7>=4,"Multi-product",IF(G7>=2,"Moderate use","Low use")) -> Moderate use
A8: ='Raw Data'!A8 -> Arjun Kumar | B8: 1 | C8: 1 | D8: 0 | E8: 0 | F8: 1 | G8: =SUM(B8:F8) -> 3 | H8: =IF(G8>=4,"Multi-product",IF(G8>=2,"Moderate use","Low use")) -> Moderate use
A9: ='Raw Data'!A9 -> Saanvi Joshi | B9: 0 | C9: 1 | D9: 0 | E9: 0 | F9: 1 | G9: =SUM(B9:F9) -> 2 | H9: =IF(G9>=4,"Multi-product",IF(G9>=2,"Moderate use","Low use")) -> Moderate use
A10: ='Raw Data'!A10 -> Reyansh Malhotra | B10: 1 | C10: 1 | D10: 1 | E10: 0 | F10: 1 | G10: =SUM(B10:F10) -> 4 | H10: =IF(G10>=4,"Multi-product",IF(G10>=2,"Moderate use","Low use")) -> Multi-product
A11: ='Raw Data'!A11 -> Aadhya Jain | B11: 1 | C11: 0 | D11: 1 | E11: 0 | F11: 1 | G11: =SUM(B11:F11) -> 3 | H11: =IF(G11>=4,"Multi-product",IF(G11>=2,"Moderate use","Low use")) -> Moderate use
A12: ='Raw Data'!A12 -> Krishna Reddy | B12: 1 | C12: 0 | D12: 0 | E12: 0 | F12: 1 | G12: =SUM(B12:F12) -> 2 | H12: =IF(G12>=4,"Multi-product",IF(G12>=2,"Moderate use","Low use")) -> Moderate use
A13: ='Raw Data'!A13 -> Myra Kapoor | B13: 1 | C13: 1 | D13: 0 | E13: 0 | F13: 1 | G13: =SUM(B13:F13) -> 3 | H13: =IF(G13>=4,"Multi-product",IF(G13>=2,"Moderate use","Low use")) -> Moderate use
... A51: ='Raw Data'!A51 -> Shreya Banerjee | B51: 1 | C51: 1 | D51: 0 | E51: 1 | F51: 0 | G51: =SUM(B51:F51) -> 3 | H51: =IF(G51>=4,"Multi-product",IF(G51>=2,"Moderate use","Low use")) -> Moderate use

Sheet KPI Dashboard
A1: CUSTOMER ENGAGEMENT & PRODUCT UTILIZATION
A2: Analytics for Customer Retention Strategy • 50 synthetic customer records
A4: BACKGROUND AND CONTEXT
A5: This workbook uses demonstrate customer engagement classification, bank product utilization, and retention opportunities.
A8: KEY PERFORMANCE INDICATORS (KPIs)
A9: Total Customers | D9: =COUNTA('Raw Data'!A2:A51) -> 50
A10: Average Credit Score | D10: =AVERAGE('Raw Data'!B2:B51) -> 675.5
A11: Average Account Balance (INR) | D11: =AVERAGE('Raw Data'!F2:F51) -> 1273400
A12: Average Tenure (Years) | D12: =AVERAGE('Raw Data'!E2:E51) -> 10.14
A13: High Engagement Customers | D13: =COUNTIF('Engagement Classification'!E2:E51,"High") -> 14
A14: Needs Attention Customers | D14: =COUNTIF('Engagement Classification'!E2:E51,"Needs Attention") -> 16
A15: Average Products Used | D15: =AVERAGE('Product Utilization'!G2:G51) -> 2.74
A16: Digital Banking Adoption | D16: =AVERAGE('Product Utilization'!F2:F51) -> 0.84
A19: ANALYTICAL METHODOLOGY
A20: ● | B20: 1. Data validation | C20: Review customer records, score ranges, tenure, area, gender, and account balances.
A21: ● | B21: 2. Engagement classification | C21: High: score ≥ 750, tenure ≥ 5 years, and balance ≥ ₹100,000. Needs Attention: score < 600 or tenure ≤ 2 years. Others: Moderate.
A22: ● | B22: 3. Product utilization | C22: Track savings account, credit card, personal loan, home loan, and digital banking indicators.
A23: ● | B23: 4. Retention strategy | C23: Prioritize customers needing attention and recommend relevant products to low-use customers.
A25: DELIVERABLES AND SUBMISSION
A26: • Sheet 1 — Raw Data: 50 customers with credit score, area, gender, tenure, and account balance.
A27: • Sheet 2 — Engagement Classification: formula-based engagement tier and suggested action.
A28: • Sheet 3 — Product Utilization: product indicators, number of products used, and utilization segment.
A29: • Sheet 4 — KPI Dashboard: headline metrics, project context, and methodology.

Sheet Sheet1
